{"trial_id": "03", "hyperparameters": {"space": [{"class_name": "Int", "config": {"name": "units_1", "default": null, "conditions": [], "min_value": 64, "max_value": 256, "step": 32, "sampling": "linear"}}, {"class_name": "Choice", "config": {"name": "activation_1", "default": "relu", "conditions": [], "values": ["relu", "tanh"], "ordered": false}}, {"class_name": "Float", "config": {"name": "dropout_1", "default": 0.2, "conditions": [], "min_value": 0.2, "max_value": 0.5, "step": 0.1, "sampling": "linear"}}, {"class_name": "Int", "config": {"name": "units_2", "default": null, "conditions": [], "min_value": 32, "max_value": 128, "step": 16, "sampling": "linear"}}, {"class_name": "Choice", "config": {"name": "activation_2", "default": "relu", "conditions": [], "values": ["relu", "tanh"], "ordered": false}}, {"class_name": "Float", "config": {"name": "dropout_2", "default": 0.2, "conditions": [], "min_value": 0.2, "max_value": 0.5, "step": 0.1, "sampling": "linear"}}, {"class_name": "Choice", "config": {"name": "learning_rate", "default": 0.01, "conditions": [], "values": [0.01, 0.001, 0.0001], "ordered": true}}], "values": {"units_1": 160, "activation_1": "relu", "dropout_1": 0.2, "units_2": 128, "activation_2": "tanh", "dropout_2": 0.4, "learning_rate": 0.0001}}, "metrics": {"metrics": {"accuracy": {"direction": "max", "observations": [{"value": [0.7212499976158142], "step": 19}]}, "loss": {"direction": "min", "observations": [{"value": [0.9644021391868591], "step": 19}]}, "val_accuracy": {"direction": "max", "observations": [{"value": [0.7699999809265137], "step": 19}]}, "val_loss": {"direction": "min", "observations": [{"value": [0.9590086936950684], "step": 19}]}}}, "score": 0.7699999809265137, "best_step": 19, "status": "COMPLETED", "message": null}