{"trial_id": "07", "hyperparameters": {"space": [{"class_name": "Int", "config": {"name": "units_1", "default": null, "conditions": [], "min_value": 64, "max_value": 256, "step": 32, "sampling": "linear"}}, {"class_name": "Choice", "config": {"name": "activation_1", "default": "relu", "conditions": [], "values": ["relu", "tanh"], "ordered": false}}, {"class_name": "Float", "config": {"name": "dropout_1", "default": 0.2, "conditions": [], "min_value": 0.2, "max_value": 0.5, "step": 0.1, "sampling": "linear"}}, {"class_name": "Int", "config": {"name": "units_2", "default": null, "conditions": [], "min_value": 32, "max_value": 128, "step": 16, "sampling": "linear"}}, {"class_name": "Choice", "config": {"name": "activation_2", "default": "relu", "conditions": [], "values": ["relu", "tanh"], "ordered": false}}, {"class_name": "Float", "config": {"name": "dropout_2", "default": 0.2, "conditions": [], "min_value": 0.2, "max_value": 0.5, "step": 0.1, "sampling": "linear"}}, {"class_name": "Choice", "config": {"name": "learning_rate", "default": 0.01, "conditions": [], "values": [0.01, 0.001, 0.0001], "ordered": true}}], "values": {"units_1": 224, "activation_1": "relu", "dropout_1": 0.30000000000000004, "units_2": 112, "activation_2": "tanh", "dropout_2": 0.2, "learning_rate": 0.01}}, "metrics": {"metrics": {"accuracy": {"direction": "max", "observations": [{"value": [0.987500011920929], "step": 16}]}, "loss": {"direction": "min", "observations": [{"value": [0.042661670595407486], "step": 16}]}, "val_accuracy": {"direction": "max", "observations": [{"value": [0.9850000143051147], "step": 16}]}, "val_loss": {"direction": "min", "observations": [{"value": [0.054960947483778], "step": 16}]}}}, "score": 0.9850000143051147, "best_step": 16, "status": "COMPLETED", "message": null}