{"ongoing_trials": {}, "hyperparameters": {"space": [{"class_name": "Int", "config": {"name": "units_1", "default": null, "conditions": [], "min_value": 64, "max_value": 256, "step": 32, "sampling": "linear"}}, {"class_name": "Choice", "config": {"name": "activation_1", "default": "relu", "conditions": [], "values": ["relu", "tanh"], "ordered": false}}, {"class_name": "Float", "config": {"name": "dropout_1", "default": 0.2, "conditions": [], "min_value": 0.2, "max_value": 0.5, "step": 0.1, "sampling": "linear"}}, {"class_name": "Int", "config": {"name": "units_2", "default": null, "conditions": [], "min_value": 32, "max_value": 128, "step": 16, "sampling": "linear"}}, {"class_name": "Choice", "config": {"name": "activation_2", "default": "relu", "conditions": [], "values": ["relu", "tanh"], "ordered": false}}, {"class_name": "Float", "config": {"name": "dropout_2", "default": 0.2, "conditions": [], "min_value": 0.2, "max_value": 0.5, "step": 0.1, "sampling": "linear"}}, {"class_name": "Choice", "config": {"name": "learning_rate", "default": 0.01, "conditions": [], "values": [0.01, 0.001, 0.0001], "ordered": true}}], "values": {"units_1": 64, "activation_1": "relu", "dropout_1": 0.2, "units_2": 32, "activation_2": "relu", "dropout_2": 0.2, "learning_rate": 0.01}}, "start_order": ["00", "01", "02", "03", "04", "05", "06", "07", "08", "09"], "end_order": ["00", "01", "02", "03", "04", "05", "06", "07", "08", "09"], "run_times": {"00": 1, "01": 1, "02": 1, "03": 1, "04": 1, "05": 1, "06": 1, "07": 1, "08": 1, "09": 1}, "retry_queue": [], "seed": 6934, "seed_state": 7004, "tried_so_far": ["49893d80b411a82bce35539e3f292ee2", "b161faf4907d364471425e644d32c7f3", "888a7778d0ad5cf5d76c07b08395c659", "5a77201496c852cf870f1ca2b801c314", "590188004e485c8383a2070c6ccd8bac", "171a67915eaf48b63cefb7cdfa2162be", "58fd0a88c400e08d600ab684b90c9f99", "2d5b0509451256e7c861e93111353295", "6796409baf9f773974914f5fa6c5cabc", "a939e66f8f58bac313ea85c226760e24"], "id_to_hash": {"00": "58fd0a88c400e08d600ab684b90c9f99", "01": "a939e66f8f58bac313ea85c226760e24", "02": "5a77201496c852cf870f1ca2b801c314", "03": "6796409baf9f773974914f5fa6c5cabc", "04": "2d5b0509451256e7c861e93111353295", "05": "49893d80b411a82bce35539e3f292ee2", "06": "888a7778d0ad5cf5d76c07b08395c659", "07": "171a67915eaf48b63cefb7cdfa2162be", "08": "590188004e485c8383a2070c6ccd8bac", "09": "b161faf4907d364471425e644d32c7f3"}, "display": {"search_start": "2024-12-02T19:52:25.606877", "trial_start": {"00": "2024-12-02T19:52:25.606877", "01": "2024-12-02T19:52:30.018027", "02": "2024-12-02T19:52:34.103067", "03": "2024-12-02T19:52:38.150703", "04": "2024-12-02T19:52:42.608732", "05": "2024-12-02T19:52:47.046687", "06": "2024-12-02T19:52:51.127807", "07": "2024-12-02T19:52:55.512753", "08": "2024-12-02T19:52:59.907821", "09": "2024-12-02T19:53:03.942793"}, "trial_number": {"00": 1, "01": 2, "02": 3, "03": 4, "04": 5, "05": 6, "06": 7, "07": 8, "08": 9, "09": 10}}}