{"trial_id": "02", "hyperparameters": {"space": [{"class_name": "Int", "config": {"name": "units_1", "default": null, "conditions": [], "min_value": 64, "max_value": 256, "step": 32, "sampling": "linear"}}, {"class_name": "Choice", "config": {"name": "activation_1", "default": "relu", "conditions": [], "values": ["relu", "tanh"], "ordered": false}}, {"class_name": "Float", "config": {"name": "dropout_1", "default": 0.2, "conditions": [], "min_value": 0.2, "max_value": 0.5, "step": 0.1, "sampling": "linear"}}, {"class_name": "Int", "config": {"name": "units_2", "default": null, "conditions": [], "min_value": 32, "max_value": 128, "step": 16, "sampling": "linear"}}, {"class_name": "Choice", "config": {"name": "activation_2", "default": "relu", "conditions": [], "values": ["relu", "tanh"], "ordered": false}}, {"class_name": "Float", "config": {"name": "dropout_2", "default": 0.2, "conditions": [], "min_value": 0.2, "max_value": 0.5, "step": 0.1, "sampling": "linear"}}, {"class_name": "Choice", "config": {"name": "learning_rate", "default": 0.01, "conditions": [], "values": [0.01, 0.001, 0.0001], "ordered": true}}], "values": {"units_1": 64, "activation_1": "relu", "dropout_1": 0.2, "units_2": 128, "activation_2": "relu", "dropout_2": 0.30000000000000004, "learning_rate": 0.01}}, "metrics": {"metrics": {"accuracy": {"direction": "max", "observations": [{"value": [0.9599999785423279], "step": 13}]}, "loss": {"direction": "min", "observations": [{"value": [0.11456812173128128], "step": 13}]}, "val_accuracy": {"direction": "max", "observations": [{"value": [0.9649999737739563], "step": 13}]}, "val_loss": {"direction": "min", "observations": [{"value": [0.09807632118463516], "step": 13}]}}}, "score": 0.9649999737739563, "best_step": 13, "status": "COMPLETED", "message": null}