{"trial_id": "09", "hyperparameters": {"space": [{"class_name": "Int", "config": {"name": "units_1", "default": null, "conditions": [], "min_value": 64, "max_value": 256, "step": 32, "sampling": "linear"}}, {"class_name": "Choice", "config": {"name": "activation_1", "default": "relu", "conditions": [], "values": ["relu", "tanh"], "ordered": false}}, {"class_name": "Float", "config": {"name": "dropout_1", "default": 0.2, "conditions": [], "min_value": 0.2, "max_value": 0.5, "step": 0.1, "sampling": "linear"}}, {"class_name": "Int", "config": {"name": "units_2", "default": null, "conditions": [], "min_value": 32, "max_value": 128, "step": 16, "sampling": "linear"}}, {"class_name": "Choice", "config": {"name": "activation_2", "default": "relu", "conditions": [], "values": ["relu", "tanh"], "ordered": false}}, {"class_name": "Float", "config": {"name": "dropout_2", "default": 0.2, "conditions": [], "min_value": 0.2, "max_value": 0.5, "step": 0.1, "sampling": "linear"}}, {"class_name": "Choice", "config": {"name": "learning_rate", "default": 0.01, "conditions": [], "values": [0.01, 0.001, 0.0001], "ordered": true}}], "values": {"units_1": 256, "activation_1": "tanh", "dropout_1": 0.30000000000000004, "units_2": 64, "activation_2": "relu", "dropout_2": 0.30000000000000004, "learning_rate": 0.001}}, "metrics": {"metrics": {"accuracy": {"direction": "max", "observations": [{"value": [0.9350000023841858], "step": 15}]}, "loss": {"direction": "min", "observations": [{"value": [0.2044626772403717], "step": 15}]}, "val_accuracy": {"direction": "max", "observations": [{"value": [0.9599999785423279], "step": 15}]}, "val_loss": {"direction": "min", "observations": [{"value": [0.18418098986148834], "step": 15}]}}}, "score": 0.9599999785423279, "best_step": 15, "status": "COMPLETED", "message": null}